Sayonara Hatsukoi,REDSHiFT,178,1,1.5,205,4,4.5,305,7,7.0,666,8,8.5,728,0,0.0,0
Fairytale,chitose,189,1,1.0,336,3,3.5,511,7,7.0,782,0,0.0,0,9,9.5,932
Vexaria,ak+q,180,2,2.5,369,5,5.0,534,7,7.0,734,0,0.0,0,9,9.0,785
Rise,Combatplayer,140,2,2.5,322,4,4.0,599,7+,7.8,788,0,0.0,0,0,0.0,0
Lucifer,chitose,165,3,3.5,424,5,5.5,506,8,8.2,861,0,0.0,0,0,0.0,0
Snow White,Puru,150,2,2.5,486,5,5.0,672,8,8.4,978,0,0.0,0,9+,9.7,1031
Shades of Light in a Transcendent Realm,ak+q,170,3,3.0,517,6,6.0,789,8,8.3,1067,0,0.0,0,9,9.1,1042
Babaroque,cYsmix,136,3,3.0,402,6,6.5,645,8,8.5,808,0,0.0,0,0,0.0,0
Lost Civilization,Laur vs CK,75-210,4,4.0,462,7,7.0,690,9,9.2,986,0,0.0,0,9+,9.8,1061
GOODTEK (Arcaea Edit),EBIMAYO,190,4,4.0,449,6,6.5,632,9,9.3,968,0,0.0,0,9+,9.8,1103
qualia -ideaesthesia-,nitro,144,4,4.5,550,7,7.0,875,9,9.1,1022,0,0.0,0,9+,9.8,1288
cry of viyella,Laur,75-180,3,3.5,414,6,6.0,492,8+,8.7,791,0,0.0,0,0,0.0,0
I've heard it said,Combatplayer,165,3,3.5,510,6,6.0,664,8,8.1,864,0,0.0,0,0,0.0,0
memoryfactory.lzh,Frums,100,2,2.5,308,5,5.5,448,8+,8.9,672,0,0.0,0,0,0.0,0
Relentless,Akira Complex,174,4,4.5,607,6,6.5,722,8,8.0,1015,0,0.0,0,0,0.0,0
Lumia,sky_delta,180,2,2.5,469,5,5.5,438,8,8.4,961,0,0.0,0,9,9.5,814
Essence of Twilight,ak+q,164,4,4.5,556,7,7.0,767,9,9.1,1204,0,0.0,0,0,0.0,0
PRAGMATISM,Laur,174,4,4.5,476,8,8.6,855,10,10.1,942,0,0.0,0,11,11.2,1502
Sheriruth,Team Grimoire,185,5,5.5,611,7+,7.5,832,10,10.0,1151,0,0.0,0,0,0.0,0
Dandelion,Farhan,169,2,2.5,391,6,6.0,698,8,8.5,921,0,0.0,0,0,0.0,0
Dement ~after legend~,Cosmograph,210,3,3.5,548,6,6.0,156,7+,7.8,970,0,0.0,0,9+,9.9,1040
Infinity Heaven,HyuN,160,1,1.5,336,5,5.5,545,7+,7.8,853,0,0.0,0,9,9.6,986
Anökumene,Jun Kuroda,186,2,2.5,412,6,6.5,588,9,9.2,851,0,0.0,0,9+,9.9,971
Brand new world,U-ske,160,2,2.0,322,4,4.0,432,7+,7.8,787,0,0.0,0,0,0.0,0
Paradise,Sound Souler,126,1,1.0,253,4,4.0,349,7+,7.8,729,0,0.0,0,0,0.0,0
Flashback,ARForest,195,2,2.5,356,5,5.0,488,8+,8.9,856,0,0.0,0,0,0.0,0
Flyburg and Endroll,アリスシャッハと魔法の楽団,180,3,3.0,413,6,6.0,650,9,9.0,930,0,0.0,0,0,0.0,0
Party Vinyl,モリモリあつし,132,4,4.0,337,7+,7.8,543,9,9.4,800,0,0.0,0,10,10.3,946
Nirv lucE,しーけー,260,2,2.5,297,7,7.0,547,10,10.2,980,0,0.0,0,0,0.0,0
Chronostasis,黒皇帝,196,3,3.5,619,7,7.5,812,8+,8.9,916,0,0.0,0,0,0.0,0
Kanagawa Cyber Culvert,南ゆに,180,1,1.0,375,5,5.5,707,9,9.0,1111,0,0.0,0,9+,9.8,1121
DataErr0r,Cosmograph,180,3,3.0,502,7,7.0,785,9,9.5,955,0,0.0,0,0,0.0,0
CROSS†SOUL,HyuN feat. Syepias,200,4,4.0,606,7,7.0,823,9,9.4,1081,0,0.0,0,0,0.0,0
Your voice so... feat. Such,PSYQUI,176,3,3.5,469,6,6.5,677,9,9.4,1013,0,0.0,0,0,0.0,0
Clotho and the stargazer,しーけー,230,2,2.0,519,5,5.0,745,7+,7.8,1021,8+,8.8,1031,0,0.0,0
Moonlight of Sand Castle,旅人E,160,1,1.5,418,5,5.0,394,7+,7.8,645,0,0.0,0,0,0.0,0
REconstruction,Ryazan,180,2,2.5,347,6,6.0,469,8,8.4,825,0,0.0,0,0,0.0,0
Evoltex (poppi'n mix),Arch vs n3pu,205,2,2.0,297,7,7.0,627,8+,8.9,775,0,0.0,0,0,0.0,0
Oracle,TQ☆,152,3,3.0,425,5,5.5,508,9,9.3,963,0,0.0,0,0,0.0,0
aterlbus,Aoi,202,4,4.0,505,7,7.5,668,10,10.2,1030,0,0.0,0,0,0.0,0
Ignotus,ak+q,170,3,3.5,579,6,6.5,809,9,9.3,1225,0,0.0,0,9+,9.9,1077
Impure Bird,MIssionary,184,2,2.0,350,5,5.5,518,9,9.4,805,0,0.0,0,0,0.0,0
Harutopia ~Utopia of Spring~,A-zu-ra,185,1,1.0,444,4,4.0,706,8,8.5,1061,0,0.0,0,0,0.0,0
Blossoms,T2Kazuya,138,1,1.0,275,4,4.0,383,7,7.0,655,0,0.0,0,0,0.0,0
Romance Wars,U-ske (feat. lueur),189,1,1.0,423,4,4.0,378,7+,7.8,641,0,0.0,0,0,0.0,0
Moonheart,翡乃イスカ,180,2,2.5,449,5,5.5,566,8,8.4,947,0,0.0,0,9+,9.7,1139
Genesis,Iris,132,2,2.0,275,5,5.5,399,8,8.2,713,0,0.0,0,0,0.0,0
Lethaeus,Silentroom,155,3,3.5,480,6,6.5,717,9+,9.7,900,0,0.0,0,0,0.0,0
Auxesia,ginkiha,185,3,3.5,385,6,6.5,648,9,9.3,1000,0,0.0,0,0,0.0,0
Rabbit In The Black Room,Rabbit House,270,2,2.5,373,5,5.5,467,8,8.4,772,0,0.0,0,0,0.0,0
Modelista,HiTECH NINJA,165,3,3.5,418,7,7.5,691,9,9.9,1010,0,0.0,0,0,0.0,0
One Last Drive,REDSHiFT,154-175,2,2.5,604,5,5.5,564,8,8.2,885,0,0.0,0,0,0.0,0
Dreamin' Attraction!!,翡乃イスカ,205,4,4.5,592,7,7.0,785,9,9.4,1129,0,0.0,0,0,0.0,0
Red and Blue,Silentroom,150,4,4.0,464,7+,7.8,597,9,9.4,845,0,0.0,0,10,10.2,1194
Iconoclast,Yamajet,140,4,4.0,443,7,7.0,593,9,9.1,795,0,0.0,0,0,0.0,0
SOUNDWiTCH,HATE,170,3,3.5,315,6,6.5,488,9+,9.9,785,0,0.0,0,0,0.0,0
trappola bewitching,gmtn.,190,3,3.0,415,6,6.0,541,9+,9.9,1044,0,0.0,0,10,10.6,1086
conflict,siromaru + cranky,160,4,4.5,520,7,7.5,731,10,10.2,1056,0,0.0,0,0,0.0,0
Axium Crisis,ak+q,170,5,5.5,685,8,8.5,1065,10,10.6,1094,0,0.0,0,0,0.0,0
Grievous Lady,Team Grimoire vs Laur,210,6,6.5,956,9,9.3,1194,11,11.1,1450,0,0.0,0,0,0.0,0
Surrender,void,152,3,3.0,550,6,6.5,721,8+,8.8,925,0,0.0,0,0,0.0,0
Yosakura Fubuki,A.SAKA,152,4,4.5,416,7,7.0,582,9,9.4,931,0,0.0,0,0,0.0,0
Reinvent,Sound Souler,174,2,2.5,570,6,6.5,703,8,8.5,852,0,0.0,0,0,0.0,0
Syro,Mitomoro,178,3,3.5,535,6,6.5,829,9,9.3,1150,0,0.0,0,0,0.0,0
Dream goes on,Tiny Minim,174,1,1.5,532,5,5.0,751,7+,7.8,719,0,0.0,0,0,0.0,0
Journey,ARForest,200,3,3.0,551,6,6.0,778,9,9.1,997,0,0.0,0,0,0.0,0
Specta,Junk,179,3,3.5,390,6,6.5,706,9,9.5,1096,0,0.0,0,0,0.0,0
Quon,Feryquitous,179,4,4.0,547,6,6.5,718,9,9.6,991,0,0.0,0,0,0.0,0
cyanine,jioyi,182,4,4.0,661,7+,7.8,947,10,10.6,1171,0,0.0,0,0,0.0,0
Metallic Punisher,INNOCENT NOIZE,165,3,3.0,500,7,7.0,846,10,10.3,1238,0,0.0,0,0,0.0,0
Blaster,Massive New Krew,180,4,4.0,571,7,7.0,635,9,9.3,1002,0,0.0,0,0,0.0,0
next to you,uma feat. 橘花音,165,4,4.5,454,7,7.0,583,8+,8.8,824,0,0.0,0,9,9.6,954
Silent Rush,Soleily,158,2,2.5,416,5,5.0,674,8,8.6,941,0,0.0,0,0,0.0,0
Strongholds,Yooh,105,2,2.5,570,5,5.0,778,9,9.2,922,0,0.0,0,0,0.0,0
Memory Forest,ETIA.,178,3,3.5,639,6,6.0,726,9+,9.8,978,0,0.0,0,0,0.0,0
Singularity,ETIA.,175,4,4.5,534,7+,7.8,678,10,10.5,1105,0,0.0,0,10,10.4,1114
carmine:scythe,かゆき,165,4,4.0,493,7+,7.8,710,9,9.6,1164,0,0.0,0,0,0.0,0
guardina,Aoi,202,4,4.0,507,8,8.0,678,10,10.4,1120,0,0.0,0,0,0.0,0
Cybernecia Catharsis,Tanchiky,184,4,4.0,377,7,7.0,655,9,9.5,946,0,0.0,0,9+,9.8,991
Be There,PSYQUI,164,4,4.0,592,7,7.5,792,9,9.4,982,0,0.0,0,0,0.0,0
inkar-usi,DIA,102,2,2.0,276,4,4.0,326,7+,7.8,463,0,0.0,0,9,9.4,857
Call My Name feat. Yukacco,Mameyudoufu,175,3,3.5,591,6,6.0,653,8+,8.7,921,0,0.0,0,0,0.0,0
Suomi,Aire,125,2,2.0,368,5,5.0,550,7+,7.8,818,8+,8.9,732,0,0.0,0
Bookmaker (2D Version),Kobaryo,175,4,4.5,538,6,6.5,728,8,8.3,1124,0,0.0,0,10,10.0,1287
Illegal Paradise,gmtn. (witch's slave),168,2,2.0,535,7,7.0,585,9,9.5,1061,0,0.0,0,0,0.0,0
Maze No.9,アリスシャッハと魔法の楽団,159,3,3.0,494,3,3.5,445,8+,8.9,775,0,0.0,0,0,0.0,0
The Message,Jun Kuroda,202,3,3.0,536,6,6.5,630,9+,9.7,992,0,0.0,0,0,0.0,0
Sulfur,ぺのれり,182,4,4.0,458,6,6.0,608,9+,9.7,1045,0,0.0,0,0,0.0,0
Halcyon,xi,191,5,5.5,662,8,8.2,943,10,10.5,1227,0,0.0,0,0,0.0,0
Ether Strike,Akira Complex,156,5,5.5,659,8,8.3,837,10,10.3,1170,0,0.0,0,0,0.0,0
Fracture Ray,Sakuzyo,200,6,6.0,983,9,9.5,1343,11,11.1,1279,0,0.0,0,0,0.0,0
Nhelv,Silentroom,174.59,3,3.0,647,6,6.5,913,9+,9.9,1108,0,0.0,0,10+,10.9,1474
dropdead,Frums,50,1,1.5,44,9,9.5,1323,8+,9.1,823,0,0.0,0,10,10.5,1503
Fallensquare,Silentroom,99,3,3.0,316,7,7.5,486,9+,9.7,703,0,0.0,0,0,0.0,0
LunarOrbit -believe in the Espebranch road-,Apo11o program ft. 大瀬良あい,192,3,3.5,624,6,6.0,757,9,9.6,1058,0,0.0,0,0,0.0,0
Purgatorium,お月さま交響曲,150,2,2.5,609,6,6.0,641,8,8.4,983,0,0.0,0,9,9.6,1051
Alexandrite,WAiKURO,146,4,4.5,507,7,7.5,699,10,10.0,1040,0,0.0,0,0,0.0,0
Hikari,THB,130,2,2.5,237,6,6.0,450,8,8.1,684,0,0.0,0,0,0.0,0
Hall of Mirrors,Sta,147,3,3.0,535,5,5.5,553,8,8.2,898,0,0.0,0,0,0.0,0
STAGER (ALL STAGE CLEAR),Ras,145,3,3.0,453,6,6.5,559,9,9.5,1004,0,0.0,0,0,0.0,0
Linear Accelerator,THE SHAFT,200-211.9,2,2.5,438,6,6.5,488,9+,9.8,905,0,0.0,0,0,0.0,0
Tiferet,xi + Sta,140?,4,4.5,450,7+,7.8,720,10,10.3,1086,0,0.0,0,0,0.0,0
Rugie,Feryquitous feat.Sennzai,191,3,3.0,566,6,6.0,754,9,9.2,975,0,0.0,0,0,0.0,0
Astral tale,Noah,134,4,4.5,445,7,7.0,642,9,9.6,884,0,0.0,0,0,0.0,0
Phantasia,Yunosuke,153,4,4.0,544,5,5.5,579,9,9.2,952,0,0.0,0,0,0.0,0
Empire of Winter,Street,175,3,3.5,484,6,6.5,662,9,9.1,920,0,0.0,0,0,0.0,0
MERLIN,REDALiCE,180,3,3.0,315,5,5.5,428,8+,8.9,712,0,0.0,0,9,9.4,881
DX Choseinou Full Metal Shojo,IOSYS TRAX (uno with ちよこ),160,3,3.0,327,6,6.0,556,9+,9.8,808,0,0.0,0,0,0.0,0
OMAKENO Stroke,t+pazolite,240,3,3.0,502,6,6.5,616,9,9.5,869,0,0.0,0,10,10.3,931
Scarlet Lance,MASAKI (ZUNTATA),185,4,4.0,517,7,7.0,644,10,10.0,1130,0,0.0,0,0,0.0,0
ouroboros -twin stroke of the end-,Cranky VS MASAKI,188,4,4.5,575,7,7.5,832,10+,10.7,1369,0,0.0,0,0,0.0,0
Libertas,Zekk,160,3,3.5,476,5,5.5,514,9,9.2,947,0,0.0,0,10,10.5,1048
Solitary Dream,ak+q feat. Sennzai,162,4,4.0,712,7,7.0,854,8+,8.8,972,0,0.0,0,0,0.0,0
Grimheart,Puru,170,2,2.5,728,5,5.0,699,8+,8.7,959,0,0.0,0,0,0.0,0
ReviXy,ikaruga_nex,115-185,3,3.0,538,7,7.0,729,9,9.1,1047,0,0.0,0,0,0.0,0
Antithese,Blacklolita,172,2,2.0,845,5,5.0,826,8+,8.8,877,0,0.0,0,9,9.6,968
Black Territory,DJ Myosuke,200,3,3.0,627,7,7.5,785,9+,9.8,1195,0,0.0,0,0,0.0,0
Corruption,3R2,170,3,3.0,664,6,6.5,847,9+,9.8,1293,0,0.0,0,0,0.0,0
Vicious Heroism,Kobaryo,256,4,4.0,430,7,7.5,756,10,10.0,1150,0,0.0,0,11,11.2,1772
Cyaegha,USAO,200,5,5.5,760,8,8.4,984,10+,10.7,1368,0,0.0,0,0,0.0,0
VECTOR,WHITEFISTS,200,3,3.0,675,7,7.0,1002,9,9.4,1299,0,0.0,0,0,0.0,0
SUPERNOVA,BACO,150,3,3.0,664,6,6.0,564,9+,9.7,1123,0,0.0,0,0,0.0,0
Dot to Dot feat. shully,Mameyudoufu,174,3,3.0,453,6,6.0,522,8,8.3,739,0,0.0,0,0,0.0,0
Garakuta Doll Play,t+pazolite,256,4,4.5,444,6,6.5,572,10,10.4,1035,0,0.0,0,0,0.0,0
Ikazuchi,光吉猛修,200,3,3.5,656,7,7.5,976,10,10.3,1347,0,0.0,0,0,0.0,0
World Vanquisher,void (Mournfinale),170,2,2.5,529,5,5.5,759,10+,10.7,1452,0,0.0,0,0,0.0,0
Dreadnought,Mastermind (xi + nora2r),96-384,4,4.0,715,7,7.0,897,9+,9.7,1099,0,0.0,0,0,0.0,0
Particle Arts,Virtual Self,162-175,3,3.5,529,6,6.0,637,8+,8.8,925,0,0.0,0,0,0.0,0
Vindication,Laur,174,4,4.0,721,6,6.5,899,9,9.6,1075,0,0.0,0,0,0.0,0
Heavensdoor,LeaF,240,4,4.5,766,7,7.5,869,9+,9.9,1101,0,0.0,0,10+,10.8,1534
Ringed Genesis,Edelritter,160,5,5.5,672,8,8.4,860,10+,10.8,1146,0,0.0,0,0,0.0,0
Chelsea,7mai,174,3,3.0,388,6,6.0,503,8+,8.9,650,0,0.0,0,0,0.0,0
AI[UE]OON,MYUKKE.,145,3,3.5,436,6,6.5,623,9,9.4,989,0,0.0,0,0,0.0,0
A Wandering Melody of Love,からとPanchii少年 feat. はるの,165,3,3.5,422,7,7.5,670,9,9.6,931,0,0.0,0,0,0.0,0
Tie me down gently,溝口ゆうま feat. 大瀬良あい,191,3,3.0,581,5,5.5,535,8,8.3,724,0,0.0,0,0,0.0,0
Valhalla:0,Juggernaut.,200,4,4.5,624,7,7.5,893,10,10.2,1173,0,0.0,0,0,0.0,0
Mirzam,Aoi vs. siqlo,201,4,4.0,662,7,7.5,885,9+,9.9,1303,0,0.0,0,0,0.0,0
Diode,Kolaa,132,2,2.5,452,5,5.5,472,8,8.1,709,0,0.0,0,0,0.0,0
FREEF4LL,YUKIYANAGI,170,4,4.0,589,7,7.0,782,8,8.6,1023,0,0.0,0,9+,9.8,1336
GLORY : ROAD,uma vs. モリモリあつし,250,4,4.5,868,7,7.0,999,10,10.5,1479,0,0.0,0,0,0.0,0
Monochrome Princess,polysha,160,4,4.5,621,7+,7.8,756,9+,9.7,974,0,0.0,0,0,0.0,0
Heavenly caress,Noah,241,3,3.5,855,7,7.5,909,9+,9.8,1560,0,0.0,0,0,0.0,0
Senkyou,MYTK,90,3,3.0,627,5,5.5,722,8+,8.7,964,0,0.0,0,0,0.0,0
Filament,Puru,170,4,4.5,582,7+,7.8,780,9+,9.7,991,0,0.0,0,0,0.0,0
Avant Raze,Sampling Masters MEGA,200,3,3.5,580,6,6.5,727,9,9.6,1125,0,0.0,0,0,0.0,0
BATTLE NO.1,TANO*C Sound Team,200,3,3.5,476,6,6.5,677,9+,9.7,1042,0,0.0,0,0,0.0,0
La'qryma of the Wasteland,DJ Noriken,168,3,3.5,447,6,6.5,651,9,9.1,956,0,0.0,0,9+,9.9,1161
Einherjar Joker,DJ Genki vs Gram,222,4,4.0,582,7,7.5,767,9+,9.8,1159,0,0.0,0,10+,10.9,1857
IZANA,t+pazolite vs P*Light,222,5,5.0,609,8,8.3,836,10,10.3,976,0,0.0,0,0,0.0,0
SAIKYO STRONGER,REDALiCE vs USAO,205,5,5.5,654,9,9.4,1067,11,11.0,1384,0,0.0,0,0,0.0,0
world.execute(me);,Mili,130,3,3.5,452,5,5.0,582,8,8.0,851,0,0.0,0,0,0.0,0
BLRINK,Sta,115,3,3.5,400,7+,7.8,683,9+,9.7,1015,0,0.0,0,0,0.0,0
Oblivia,Saiph,180,3,3.5,574,5,5.0,517,8,8.3,956,0,0.0,0,9+,9.7,1021
amygdata,nitro,154,4,4.0,504,7,7.5,711,9+,9.7,1199,0,0.0,0,0,0.0,0
corps-sans-organes,cybermiso,105,4,4.5,438,7+,7.8,615,10,10.6,1077,0,0.0,0,0,0.0,0
Equilibrium,Maozon,180,3,3.5,587,6,6.5,724,9,9.4,951,0,0.0,0,0,0.0,0
Antagonism,Yooh vs. siromaru,160,4,4.5,431,7+,7.8,738,9+,9.9,1142,0,0.0,0,0,0.0,0
Lost Desire,Powerless feat. Sennzai,170,4,4.0,684,7+,7.8,871,9+,9.8,1154,0,0.0,0,0,0.0,0
Dantalion,Team Grimoire,186,5,5.0,731,8,8.2,843,10+,10.8,1476,0,0.0,0,0,0.0,0
#1f1e33,かめりあ(EDP),181,5,5.5,765,9,9.2,1144,11,11.2,1576,0,0.0,0,0,0.0,0
Tempestissimo,t+pazolite,231,7,7.0,919,9,9.5,1034,10+,10.7,1254,0,0.0,0,11,11.7,1540
Arcahv,Feryquitous,191,4,4.5,818,7+,7.8,884,9+,9.9,1065,0,0.0,0,0,0.0,0
Vivid Theory,ak+q,178,2,2.0,447,5,5.0,658,8+,8.8,885,0,0.0,0,0,0.0,0
1F√,WHITEFISTS,130,2,2.0,411,6,6.5,539,8,8.2,758,0,0.0,0,0,0.0,0
Gekka (Short Version),Nhato,132,4,4.0,559,6,6.0,628,8,8.6,817,0,0.0,0,0,0.0,0
Give Me A Nightmare,アリスシャッハと魔法の楽団,95-190,3,3.5,676,5,5.5,817,8+,8.9,948,0,0.0,0,0,0.0,0
Black Lotus,wa.,200,3,3.0,653,6,6.5,687,9+,9.7,965,0,0.0,0,0,0.0,0
Altale,Sakuzyo,83-90,2,2.5,357,5,5.5,424,9+,9.8,690,0,0.0,0,10,10.0,1074
Faint Light (Arcaea Edit),Taishi,133,3,3.0,587,6,6.0,711,9,9.1,809,0,0.0,0,0,0.0,0
Scarlet Cage,Daisuke Kurosawa,166,4,4.0,570,7,7.5,711,9+,9.8,1195,0,0.0,0,0,0.0,0
Feels So Right feat. Renko,Mysteka,180,3,3.5,594,6,6.5,636,9,9.3,947,0,0.0,0,0,0.0,0
Teriqma,owl*tree,128,3,3.0,345,6,6.5,579,9,9.4,873,0,0.0,0,9+,9.7,954
MAHOROBA,Zekk,195,3,3.0,422,6,6.5,632,9,9.5,828,0,0.0,0,0,0.0,0
BADTEK,EBIMAYO,190,4,4.0,532,7,7.0,595,9+,9.7,916,0,0.0,0,0,0.0,0
Malicious Mischance,s-don,155,4,4.0,510,7+,7.8,706,10,10.2,1126,0,0.0,0,0,0.0,0
Got hive of Ra,E.G.G.,268,3,3.0,322,6,6.5,509,9+,9.8,794,0,0.0,0,0,0.0,0
BUCHiGiRE Berserker,REDALiCE vs MASAKI,200,5,5.0,850,8,8.6,1046,10+,10.8,1412,0,0.0,0,0,0.0,0
Galaxy Friends,Kobaryo,300,3,3.5,474,6,6.0,572,9+,9.9,1013,0,0.0,0,0,0.0,0
CROSS†OVER,HyuN feat. LyuU,200,4,4.0,653,6,6.5,810,9,9.4,1094,0,0.0,0,0,0.0,0
Lapis,SHIKI,146,2,2.0,391,6,6.0,520,9,9.4,920,0,0.0,0,0,0.0,0
Xeraphinite,BlackY,146,3,3.0,383,7,7.5,643,9+,9.8,1048,0,0.0,0,0,0.0,0
Xanatos,Tatsh,170,4,4.0,735,7,7.5,938,10,10.0,1232,0,0.0,0,0,0.0,0
Alice à la mode,Masanori Akita,80-134,2,2.5,436,6,6.5,618,9,9.2,872,0,0.0,0,0,0.0,0
Eccentric Tale,Yamajet,132,2,2.0,313,5,5.5,483,8,8.6,732,0,0.0,0,0,0.0,0
Alice's Suitcase,Endorfin.,190,3,3.5,644,6,6.0,660,9,9.1,999,0,0.0,0,0,0.0,0
Jump,Rasmus Faber,133,4,4.0,531,6,6.0,622,9,9.0,841,0,0.0,0,0,0.0,0
Felis,M2U,155,4,4.0,463,7,7.5,624,10,10.4,1153,0,0.0,0,0,0.0,0
Purple Verse,Hommarju,170,4,4.0,558,7,7.5,664,9,9.6,1023,0,0.0,0,10,10.6,1202
Beside You,Takahiro Eguchi,181,2,2.5,526,6,6.0,634,8+,8.7,703,0,0.0,0,0,0.0,0
Heart Jackin',Yu_Asahina,160,3,3.0,506,5,5.5,543,9+,9.7,1112,0,0.0,0,0,0.0,0
To: Alice Liddell,モリモリあつし,222,4,4.0,535,7,7.5,774,10,10.3,998,0,0.0,0,0,0.0,0
Lazy Addiction,sky_delta,185,2,2.5,462,6,6.0,647,9,9.6,1031,0,0.0,0,0,0.0,0
Dazzle hop,Sampling Masters MEGA,220,3,3.5,561,6,6.5,571,9+,9.7,1022,0,0.0,0,0,0.0,0
Viyella's Tears,Laur,218,4,4.0,716,7+,7.8,942,10,10.3,1403,0,0.0,0,0,0.0,0
w4,穴山大輔 VS 光吉猛修 VS Kai,71-192,3,3.5,816,7+,7.8,943,10+,10.8,1393,0,0.0,0,0,0.0,0
April showers,cubesato,79,2,2.0,363,5,5.5,544,8,8.6,697,0,0.0,0,0,0.0,0
7thSense,削除,150,3,3.0,360,7+,7.8,739,9+,9.9,925,0,0.0,0,0,0.0,0
Oshama Scramble!,t+pazolite,190,3,3.5,508,6,6.5,568,10,10.0,1073,0,0.0,0,0,0.0,0
AMAZING MIGHTYYYY!!!!,WAiKURO,185,4,4.5,624,7+,7.8,776,10+,10.7,1249,0,0.0,0,0,0.0,0
Climax,USAO,190,4,4.5,773,7+,7.8,988,10,10.4,1367,0,0.0,0,0,0.0,0
Last Celebration,Laur vs CK,238,3,3.5,969,6,6.5,994,10,10.4,1475,0,0.0,0,0,0.0,0
Misdeed -la bonté de Dieu et l'origine du mal-,光吉猛修 VS 穴山大輔,190,5,5.5,814,8,8.5,1070,10+,10.9,1522,0,0.0,0,0,0.0,0
AttraqtiA,かめりあ,202,4,4.0,732,8,8.3,1002,10,10.6,1433,0,0.0,0,0,0.0,0
Glow,SPACELECTRO,165,4,4.0,504,7,7.5,666,9,9.3,916,0,0.0,0,0,0.0,0
enchanted love,linear ring,95,2,2.0,436,4,4.5,617,8,8.4,759,0,0.0,0,0,0.0,0
Bamboo,立秋 feat. ちょこ,5-315,3,3.0,499,6,6.5,631,10,10.0,1050,0,0.0,0,0,0.0,0
GIMME DA BLOOD,C-Show,87-110,3,3.0,582,7,7.5,737,10,10.5,1093,0,0.0,0,0,0.0,0
Can I Friend You on Bassbook? Lol,かめりあ feat. ななひら,128,3,3.0,415,6,6.5,548,9,9.3,861,0,0.0,0,0,0.0,0
Life is PIANO,Junk,133,3,3.5,398,5,5.5,437,9,9.1,674,0,0.0,0,0,0.0,0
Paper Witch,Yu-dachi,130,2,2.0,348,5,5.0,487,8+,8.7,793,0,0.0,0,0,0.0,0
Crystal Gravity,Tanchiky vs. siromaru,178,3,3.5,571,6,6.8,653,9,9.4,872,0,0.0,0,0,0.0,0
Far Away Light,technoplanet feat. はるの & 黒沢ダイスケ,180-216,4,4.5,656,7+,7.8,769,9+,9.8,1322,0,0.0,0,0,0.0,0
Loschen ,BlackY feat. Risa Yuzuki,181,3,3.5,642,7,7.0,850,10,10.2,1235,0,0.0,0,0,0.0,0
Aegleseeker,Silentroom vs Frums,234,5,5.5,973,9,9.1,1235,11,11.2,1568,0,0.0,0,0,0.0,0
Coastal Highway,Glitch Droids,110,3,3.0,355,6,6.0,479,9,9.1,732,0,0.0,0,0,0.0,0
ODYSSEIA,Sober Bear,174,4,4.0,717,7+,7.8,909,9,9.5,1092,0,0.0,0,0,0.0,0
Overwhelm,xi,200,5,5.0,854,8,8.5,1038,10,10.6,1251,0,0.0,0,0,0.0,0
Vandalism,Ashrount,194,3,3.5,668,7,7.0,685,9+,9.7,1087,0,0.0,0,0,0.0,0
Turbocharger,A/I,128-170,2,2.5,419,6,6.0,659,9,9.0,979,0,0.0,0,0,0.0,0
THE ULTIMACY,aran vs Massive New Krew,200,3,3.0,749,7,7.0,919,9+,9.8,1304,0,0.0,0,0,0.0,0
REKKA RESONANCE,REDALiCE vs Kobaryo,240,5,5.0,860,8+,8.9,1051,10+,10.7,1212,0,0.0,0,0,0.0,0
Small Cloud Sugar Candy,テヅカ x Aoi feat.桃雛なの,220,3,3.0,548,6,6.0,727,9,9.3,919,0,0.0,0,0,0.0,0
AlterAle,Arik Kau Delay (アラ & かゆき & でり),220-245,3,3.0,728,6,6.5,881,9+,9.7,1277,0,0.0,0,0,0.0,0
Divine Light of Myriad,yoho,172,4,4.5,798,7+,7.8,835,10+,10.8,1021,0,0.0,0,0,0.0,0
Seclusion,Laur feat. Sennzai,175,4,4.0,544,7,7.5,762,10,10.6,1132,0,0.0,0,0,0.0,0
False Embellishment,影虎。 & ikaruga_nex,155,3,3.5,576,6,6.5,684,9,9.3,969,0,0.0,0,0,0.0,0
HIVEMIND,かたぎり,252,4,4.0,995,8,8.6,988,10,10.0,1252,0,0.0,0,0,0.0,0
Quon,DJ Noriken,170,2,2.5,425,6,6.0,496,8+,8.7,749,0,0.0,0,10,10.2,1044
with U,t+pazolite & Massive New Krew feat. リリィ(CV:青木志貴),155,2,2.5,448,6,6.5,649,9,9.4,932,0,0.0,0,0,0.0,0
Let you DIVE! (nitro rmx),nitro (lowiro),185,3,3.0,608,6,6.5,819,9,9.4,1049,0,0.0,0,0,0.0,0
Mazy Metroplex,aran,155,3,3.0,453,7+,7.8,704,9+,9.7,952,0,0.0,0,0,0.0,0
GENOCIDER,DJ Myosuke,250-390,4,4.5,832,8+,8.9,1025,10+,10.8,1483,0,0.0,0,0,0.0,0
Sheriruth (Laur Remix),Laur,200,4,4.0,671,7,7.8,795,10,10.5,1134,0,0.0,0,0,0.0,0
Evening in Scarlet,Freezer feat. 妃莓,170,4,4.0,530,7,7.0,638,9,9.5,922,0,0.0,0,0,0.0,0
blue comet,ああああ,100-172,3,3.5,494,5,5.0,645,8,8.2,776,0,0.0,0,0,0.0,0
ENERGY SYNERGY MATRIX,Tanchiky,160,3,3.5,471,7,7.0,608,9,9.6,922,0,0.0,0,10,10.3,1011
G e n g a o z o,-45,153,4,4.0,580,8,8.1,870,10,10.1,1353,0,0.0,0,0,0.0,0
goldenslaughterer,zts,133,4,4.0,864,6,6.5,880,9+,9.7,1326,0,0.0,0,0,0.0,0
lastendconductor,zts,139,3,3.5,726,7,7.5,901,9,9.4,1209,0,0.0,0,10,10.2,1339
Redolent Shape,Sanaas,150,4,4.5,570,7,7.5,717,10,10.2,1088,0,0.0,0,0,0.0,0
Cosmica,Nhato,110,2,2.5,428,5,5.0,566,8+,8.8,773,0,0.0,0,0,0.0,0
Ascent,TANUKI,145,3,3.0,455,6,6.0,626,9+,9.8,1023,0,0.0,0,0,0.0,0
Live Fast Die Young,anubasu-anubasu,153,4,4.5,565,8,8.1,837,10,10.6,1292,0,0.0,0,0,0.0,0
Summer Fireworks of Love,karatoPanchii feat. はるの,160,3,3.0,478,6,6.5,641,9+,9.9,1088,0,0.0,0,0,0.0,0
First Snow,黒魔,88,2,2.5,366,4,4.5,442,7+,7.8,578,0,0.0,0,0,0.0,0
Blue Rose,Cosmograph,250-295,2,2.0,595,6,6.0,669,9,9.1,955,0,0.0,0,0,0.0,0
Blocked Library,影虎。,148,3,3.5,449,6,6.5,622,9,9.3,850,0,0.0,0,0,0.0,0
neo kosmo,ak+q × Street,190,4,4.0,603,7+,7.8,791,9+,9.7,979,0,0.0,0,0,0.0,0
Lightning Screw,HiTECH NINJA,190,4,4.5,611,7+,7.8,811,10,10.5,1192,0,0.0,0,0,0.0,0
Lights of Muse,Ayatsugu_Otowa,180,2,2.5,333,6,6.0,438,8+,8.9,580,0,0.0,0,0,0.0,0
Final Step!,Lime,180,3,3.5,625,6,6.5,684,9,9.4,1056,0,0.0,0,0,0.0,0
Haze of Autumn,karatoPanchii feat. はるの,180,3,3.5,533,7,7.0,733,9+,9.8,1077,0,0.0,0,0,0.0,0
Medusa,HiTECH NINJA,165,4,4.5,550,7,7.0,645,10,10.1,931,0,0.0,0,0,0.0,0
init(),kamome sano,180,4,4.0,713,7,7.5,957,9+,9.8,1204,0,0.0,0,0,0.0,0
Ävril -Flicka i krans-,Rigel Theatre,130,3,3.0,459,6,6.0,607,8,8.3,851,0,0.0,0,0,0.0,0
Sakura Fubuki,Street,175,3,3.5,526,6,6.5,571,9,9.4,837,0,0.0,0,0,0.0,0
NULCTRL,Silentroom,100,3,3.0,407,7,7.5,410,9,9.5,715,0,0.0,0,0,0.0,0
INTERNET OVERDOSE,Aiobahn feat. KOTOKO,163,3,3.0,430,6,6.5,578,8,8.4,657,0,0.0,0,0,0.0,0
Macrocosmic Modulation,JAKAZiD,170,4,4.0,608,7+,7.8,794,9+,9.8,1117,0,0.0,0,0,0.0,0
Kissing Lucifer,ETIA.,170,4,4.5,639,7+,7.8,770,10,10.4,1183,0,0.0,0,0,0.0,0
NEO WINGS,SOUND HOLIC feat. Nana Takahashi,168,4,4.0,591,7,7.5,840,10,10.2,1328,0,0.0,0,0,0.0,0
Aurgelmir,溝口ゆうま feat. 大瀬良あい,122-230,4,4.5,540,8,8.5,765,10,10.5,1100,0,0.0,0,0,0.0,0
DDD,はがね,138,2,2.5,363,6,6.5,484,8,8.5,653,0,0.0,0,0,0.0,0
Head BONK ache,saaa ft. MC iwata Bros.,132-165,4,4.0,570,7,7.0,725,9,9.4,1061,0,0.0,0,0,0.0,0
Prism,bermei.inazawa ft. Chata,107-109,2,2.0,476,5,5.0,544,8,8.0,785,0,0.0,0,0,0.0,0
Protoflicker,Silentroom,140,3,3.0,510,7,7.0,633,9+,9.8,1042,0,0.0,0,0,0.0,0
Stasis,Maozon,180,4,4.5,848,7,7.0,935,10+,10.8,1521,0,0.0,0,0,0.0,0
PICO-Pico-Translation!,"t+pazolite,ななひら,Cranky,Pico*",185,2,2.0,543,6,6.0,723,9,9.4,1049,0,0.0,0,0,0.0,0
Dancin' on A Cat's Paw,Ino(chronoize),148,3,3.0,417,6,6.0,593,9,9.2,891,0,0.0,0,0,0.0,0
µ,Frums,140-190,3,3.5,825,7,7.5,986,9+,9.7,1256,0,0.0,0,0,0.0,0
san skia,ユアミトス,170,3,3.5,670,6,6.0,783,8,8.3,1046,0,0.0,0,0,0.0,0
Altair (feat. *spiLa*),kamome sano & you,170,2,2.5,670,6,6.0,828,8,8.5,830,0,0.0,0,0,0.0,0
Redraw the Colorless World,MisomyL,155,4,4.0,568,6,6.5,680,9,9.2,886,0,0.0,0,0,0.0,0
Trap Crow,Puru,80,4,4.5,876,7+,7.8,898,9+,9.9,1074,0,0.0,0,0,0.0,0
PUPA,モリモリあつし,202,4,4.0,374,7+,7.8,684,10,10.4,1099,0,0.0,0,0,0.0,0
Defection,TeddyLoid feat. DELTA,160,3,3.5,588,6,6.5,800,9+,9.8,1141,0,0.0,0,0,0.0,0
"Infinite Strife,",BlackYooh vs. siromaru,198,4,4.0,888,7,7.5,1081,9+,9.9,1511,0,0.0,0,10+,10.9,1633
World Ender,sasakure.UK × TJ.hangneil,190-280,4,4.0,616,7+,7.8,850,10,10.0,1225,0,0.0,0,11,11.1,1661
Pentiment,Nothing But Requiem with Museo,200-222,7,7.0,911,8+,8.7,1055,10,10.4,1345,0,0.0,0,11,11.5,1741
Arcana Eden,Team Grimoire vs Sakuzyo vs Laur,211,5,5.5,1097,8+,8.7,1310,10,10.5,1792,0,0.0,0,11,11.6,2134
Testify,void (Mournfinale) feat. 星熊南巫,178,7+,7.8,1001,9,9.4,1225,10+,10.9,1766,0,0.0,0,12,12.0,2221
Loveless Dress,かねこちはる,99,3,3.5,537,6,6.5,630,9+,9.7,850,0,0.0,0,0,0.0,0
Last,onoken,175,4,4.0,680,7,7.5,781,9,9.0,831,0,0.0,0,0,0.0,0
Last | Moment,onoken,175,0,0.0,0,0,0.0,0,0,0.0,0,0,0.0,0,9,9.6,888
Last | Eternity,onoken,175,0,0.0,0,0,0.0,0,0,0.0,0,0,0.0,0,9+,9.7,790
Callima Karma,t+pazolite vs Feryquitous,95,3,3.5,1024,7,7.5,989,9+,9.8,1222,0,0.0,0,0,0.0,0
Heart,削除 (Violin : Katali),80,1,1.0,428,5,5.0,575,9,9.6,872,0,0.0,0,0,0.0,0
Ai Drew,Feryquitous,175,3,3.5,694,6,6.5,732,9+,9.8,1066,0,0.0,0,0,0.0,0
FLUFFY FLASH,Kobaryo,252,3,3.5,787,6,6.5,946,9+,9.8,1329,0,0.0,0,0,0.0,0
"Good bye, Merry-Go-Round.",Yooh,185,4,4.5,679,7,7.5,696,10,10.6,1084,0,0.0,0,0,0.0,0
LAMIA,BlackY,199,5,5.0,826,8,8.5,885,11,11.1,1385,0,0.0,0,0,0.0,0
Free Myself,lapix feat. mami,153,4,4.5,662,7,7.5,785,10,10.0,1132,0,0.0,0,0,0.0,0
cocoro*cosmetic,KOTONOHOUSE,144,3,3.0,525,7,7.0,687,9,9.2,1025,0,0.0,0,0,0.0,0
Capella,ARForest,210,4,4.5,884,7+,7.8,904,10,10.2,1159,0,0.0,0,0,0.0,0
Dialnote,七草くりむ,130,3,3.0,393,6,6.0,548,8+,8.8,684,0,0.0,0,0,0.0,0
"Tsuki ni Murakumo, Hana ni Kaze",幽閉サテライト,160,3,3.0,468,6,6.0,610,8+,8.7,740,0,0.0,0,0,0.0,0
MANTIS (Arcaea Ultra-Bloodrush VIP),Akira Complex feat. kiraku,135,3,3.0,575,7,7.0,760,9,9.3,1014,0,0.0,0,0,0.0,0
World Fragments III(radio edit),xi,200,3,3.5,777,7,7.0,999,9+,9.8,1387,0,0.0,0,0,0.0,0
Astra walkthrough,paraoka,225,4,4.5,769,7+,7.8,886,9+,9.9,1191,0,0.0,0,0,0.0,0
Chronicle,Lime,221,5,5.0,928,8+,8.9,1077,10,10.5,1264,0,0.0,0,0,0.0,0
NULL APOPHENIA,N²,177,4,4.5,990,8+,8.8,1098,10+,10.7,1299,0,0.0,0,0,0.0,0
Crimson Throne,Dimier√Lisb,210,4,4.0,727,8,8.0,1079,10,10.6,1313,0,0.0,0,0,0.0,0
Manic Jeer,ルゼ,195,4,4.0,698,7+,7.8,875,10,10.6,1286,0,0.0,0,0,0.0,0
"Hiiro Gekka, Kyoushou no Zetsu (nayuta 2017 ver.)",nayuta x 黒鳥 (EastNewSound),150,3,3.5,719,6,6.5,709,10,10.3,1126,0,0.0,0,0,0.0,0
Let's Rock (Arcaea mix),ikaruga_nex vs FALCHiON,210,3,3.0,541,7,7.0,963,9+,9.7,1177,0,0.0,0,0,0.0,0
CYCLES,Masayoshi Minoshima feat. 綾倉盟,135,2,2.0,389,5,5.0,430,8+,8.8,695,0,0.0,0,0,0.0,0
MAXRAGE,EBIMAYO,222,3,3.5,696,6,6.5,760,9+,9.9,1184,0,0.0,0,0,0.0,0
[X],Blacklolita,162-180,4,4.5,594,7+,7.8,782,10,10.6,1190,0,0.0,0,0,0.0,0
TEmPTaTiON,かねこちはる,160,5,5.0,627,8,8.2,768,10+,10.9,1099,0,0.0,0,0,0.0,0
PRIMITIVE LIGHTS,TAG,205,5,5.5,785,8+,8.8,1073,10+,10.8,1524,0,0.0,0,0,0.0,0
Cosmo Pop Funclub,ナユタン星人,129,2,2.5,352,6,6.0,591,8+,8.8,809,0,0.0,0,0,0.0,0
IMPACT,USAO feat. 光吉猛修,210,3,3.5,723,7+,7.8,913,9,9.6,1231,0,0.0,0,10,10.4,1392
Genesis (Chunithm),Morrigan feat.Lily,150,4,4.0,587,7,7.0,838,9+,9.8,867,0,0.0,0,0,0.0,0
Trrricksters!!,s-don vs. 翡乃イスカ,155,4,4.5,561,7,7.5,784,10,10.1,1183,0,0.0,0,0,0.0,0
Spider's Thread,きくお×cosMo＠暴走P feat. 影縫英,180,4,4.5,794,7+,7.8,764,10+,10.8,1203,0,0.0,0,0,0.0,0
Lost Emotion feat. nomico,Masayoshi Minoshima(ALR),172,3,3.5,602.0,7,7.0,780.0,9,9.3,1123,0,0.0,0,0,0.0,0
GIMMICK,Ms.Sill,143,2,2.5,421.0,6,6.5,598.0,9,9.5,733,0,0.0,0,0,0.0,0
The Survivor (Game Edit),Taishi,132,3,3.5,817.0,6.0,6.5,750.0,9+,9.9,1100,0,0.0,0,0,0.0,0
New York Back Raise,saaa + kei_iwata + stuv + わかどり,160,4,4.5,762.0,7,7.0,803.0,9+,9.9,1091,0,0.0,0,0,0.0,0
Galactic Love,La prière,145,3,3.0,513.0,6,6.5,694.0,9,9.0,813,0,0.0,0,0,0.0,0
Lawless Point,La prière,148,3,3.0,476.0,6,6.0,630.0,9,9.0,838,0,0.0,0,0,0.0,0
Lost in the Abyss,FELT,183,3,3.5,907.0,6,6.5,908.0,9+,9.7,1179,0,0.0,0,0,0.0,0
Hybris (The one who shattered),qfeileadh feat.のあ,158,4,4.5,757.0,7+,7.8,973.0,9+,9.8,1196,0,0.0,0,0,0.0,0
To the Milky Way,黒魔,186,5,5.0,928.0,8+,8.9,1154.0,10,10.4,1392,0,0.0,0,0,0.0,0
INTERNET YAMERO,Aiobahn feat. KOTOKO,185,4,4.5,677.0,7+,7.8,987.0,10,9.9,1222,0,0.0,0,0,0.0,0
Bullet Waiting for Me (James Landino remix),Nikki Simmons,107,2,2.5,325.0,4,4.5,390.0,8,8.1,701,0,0.0,0,0,0.0,0
Devillic Sphere,3R2,160,4,4.0,490.0,7+,7.8,692.0,9+,9.9,1129,0,0.0,0,0,0.0,0
Lucid Traveler,Akira Complex vs 3R2,170-200,4,4.5,634.0,8+,8.9,1006.0,10,10.5,1341,0,0.0,0,0,0.0,0
CHAOS,Æsir,150,5,5.5,646.0,7,7.5,848.0,10+,10.9,1369,0,0.0,0,0,0.0,0
Used to be,KIVA,140,4,0.0,537.0,6,6.5,675.0,9,9.2,799,0,0.0,0,0,0.0,0
Ultimate taste,ぱらどっと,200,3,3.5,828.0,6,6.5,1008.0,9+,9.9,1405,0,0.0,0,0,0.0,0
syūten,"Apo11o""COLLAPSAR""program ft. 大瀬良あい",76-96,2,2.0,395.0,5,5.0,446.0,8,8.5,592,0,0.0,0,0,0.0,0
DRG,onoken,155,3,3.5,380.0,7,7.0,624.0,9,9.5,872,0,0.0,0,0,0.0,0
99 Glooms,Sta,185,4,4.0,637.0,7+,7.8,774.0,10,10.3,1294,0,0.0,0,0,0.0,0
II,Cytus,130-150,5,5.0,690.0,8+,8.9,816.0,10+,10.8,1051,0,0.0,0,0,0.0,0
Magnolia,M2U Vocal by Guriri,160,4,4.5,625.0,7+,7.8,726.0,10,10.2,895,0,0.0,0,0,0.0,0
SACRIFICE feat. ayame,Masayoshi Minoshima(ALR),180,3,3.5,548.0,7,8,779.0,9+,9.7,958,0,0.0,0,0,0.0,0
RGB,MEMODEMO X AQUASINE,163,4,4.0,652.0,7+,7.8,803.0,9+,9.8,1131,0,0.0,0,0,0.0,0
WAIT FOR DAWN,U-ske feat. 棗いつき,188,2,2.5,596.0,7+,7.8,636.0,8+,8.7,861,0,0.0,0,0,0.0,0
Raven's Pride,みーに feat. はらもりよしな,165,3,3.0,697.0,7,7.0,797.0,9,9.4,1030,0,0.0,0,0,0.0,0
Rise of the World,cosMo@暴走P,182-212,4,4.5,722.0,8,8.1,843.0,10,10.5,1176,0,0.0,0,0,0.0,0
UNKNOWN LEVELS,Yuta Imai,110-165,4,4.0,591.0,8,8.1,771.0,10,10.6,1149,0,0.0,0,0,0.0,0
Abstruse Dilemma,Ashrount vs. 打打だいず,216,5,5.5,983.0,8+,8.9,1127.0,11,11.3,1467,0,0.0,0,0,0.0,0
Kanjou no Matenrou ~Arr.Demetori,Demetori,178,3,3.5,736.0,6,6.5,929.0,9+,9.8,1294,0,0.0,0,0,0.0,0
To The Furthest Dream,ii/night feat. 綺良雪,183,4,4.5,836.0,8,8.5,994.0,9+,9.8,1102,0,0.0,0,0,0.0,0
Remind the Souls (Short Version),Nhato,130,3,3.5,561.0,7.0,7.0,756.0,9.0,9.6,945,0,0.0,0,0,0.0,0
Dynitikós,Prower,180,4,4.0,683.0,7,7.5,894.0,9,9.5,986,0,0.0,0,0,0.0,0
Amekagura,荒谷サトル,105,4,4.0,741.0,7,7.5,851.0,9+,9.9,1076,0,0.0,0,0,0.0,0
B.B.K.K.B.K.K.,nora2r,170,4,4.5,669.0,7,7.0,708.0,9+,9.7,976,0,0.0,0,0,0.0,0
Primeval Texture,くるぶっこちゃん,120,3,3.0,387.0,7,7.5,525.0,9,9.0,810,0,0.0,0,0,0.0,0
Technicolour,Maozon,175,3,3.5,644.0,7,7.0,812.0,9+,9.8,1140,0,0.0,0,0,0.0,0
Logos,polysha feat. 高城みよ,189,4,4.0,697.0,7+,7.8,798.0,10,10.2,1040,0,0.0,0,0,0.0,0
Ego Eimi,BlackY feat. Risa Yuzuki,178,5,5.5,801.0,8,8.6,937.0,10,10.5,1223,0,0.0,0,0,0.0,0
Arghena,Feryquitous vs Laur,185,7,7.5,883.0,9,9.6,1082.0,11,11.3,1444,0,0.0,0,0,0.0,0
FANTA5Y,Moon Jelly & YUKIYANAGI,170,3,3.0,536.0,7,7.0,715.0,9,9.4,965,0,0.0,0,0,0.0,0
Transient Space,"sleepless, Gardens, Aspect",115-132,2,2.5,419.0,7,7.0,607.0,9,9.5,805,0,0.0,0,0,0.0,0
Nameless Passion,天束 feat.Sennzai,200,3,3.0,681.0,7,7.0,890.0,9+,9.8,1223,0,0.0,0,0,0.0,0
TeraVolt,Katali,154,5,5.0,675.0,8+,8.9,804.0,10+,10.8,1008,0,0.0,0,0,0.0,0
Stratoliner,C-Show,175,3,3.5,535,6,6.5,702,9,9.6,877,0,0.0,0,0,0.0,0
Ouvertüre,USAO & DJ Genki feat. ルーン(CV:河瀬茉希),200,2,2.5,583,7,7.5,786,9+,9.8,913,0,0.0,0,0,0.0,0
XTREME,USAO,205,4,4.5,732,7+,7.8,831,10,10.5,1258,0,0.0,0,0,0.0,0
eden,"""漆黒""の堕天使《Gram》†Versus† ""聖刻""の熾天使《Gram》",246,4,4.5,826,8,8.2,1194,10,10.5,1365,0,0.0,0,0,0.0,0
Meta-Mysteria,DJ Noriken,205,5,5.0,844,7+,7.8,905,10+,10.8,1309,0,0.0,0,0,0.0,0
Alone & Lorn,Ponchi♪ feat.はぁち,100,3,3.0,643.0,6,6.5,742.0,9,9.6,970,0,0.0,0,0,0.0,0
Wish Upon a Snow,打打だいず,218,4,4.5,1031.0,7,7.5,1095.0,10,10.5,1309,0,0.0,0,0,0.0,0
Kanbu de Tomatte Sugu Tokeru,ARM + 夕野ヨシミ (IOSYS) feat. miko,200,4,4.0,584.0,7,7.5,714.0,10,10.1,1108,0,0.0,0,0,0.0,0
felys final remix,onoken,180,3,3.0,626.0,6,6.5,771.0,9,9.5,1130,0,0.0,0,0,0.0,0
On and On!! feat. Jenga,ETIA.,170,3,3.0,370.0,7,7.0,616.0,9,9.5,836,0,0.0,0,0,0.0,0
LIVHT MY W​AY,かめりあ feat. STARLIVHT,190,4,4.5,673.0,7,7.5,738.0,9+,9.8,954,0,0.0,0,0,0.0,0
Hotarubi no Yuki,Endorfin.,159,3,3.5,589.0,7,7.0,733.0,9+,9.7,991,0,0.0,0,0,0.0,0
The Formula,Junk,144,3,3.0,427.0,6,6.0,587.0,9,9.3,957,0,0.0,0,0,0.0,0
Luna Rossa,r0y,174,3,3.0,443.0,6,6.0,578.0,9+,9.7,920,0,0.0,0,0,0.0,0
Jingle,DJ Noriken,170,2,2.5,530,5,5.5,741,7+,7.8,848,9,9.5,1047,0,0.0,0
Innocence,Powerless feat. Sennzai,190,3,3.0,734,6,6.5,811,8,8.5,1023,9+,9.7,1157,0,0.0,0
IONOSTREAM,Tatsh,220-254,3,3.5,845,6,6.0,890,8+,8.7,818,9+,9.7,871,0,0.0,0
Aleph-0,LeaF,35-400,5,5.5,388,8+,8.8,579,10,10.5,919,0,0.0,0,0,0.0,0
Masquerade Legion,Srav3R & DJ Noriken,175,3,3.5,510,6,6.5,698,10,10.0,1064,0,0.0,0,0,0.0,0
KYOREN ROMANCE,REDALiCE vs DJ Myosuke feat. DELUTAYA,205,4,4.0,821,7+,7.8,982,10+,10.7,1519,0,0.0,0,0,0.0,0
Qovat,owl*tree,122,4,4.5,519.0,8,8.2,765.0,10,10.4,1299,0,0.0,0,0,0.0,0
HELLOHELL,暁Records,155,2,2.5,466.0,5,5.0,445.0,7,7.5,673,9,9.3,770,0,0.0,0
"O,",Kolaa & 熊子,145,2,2.5,368.0,6,6.5,519.0,9,9.5,708,0,0.0,0,0,0.0,0
Awaken in Ruins,Supa7onyz,125,3,3.5,412.0,7,7.5,570.0,9+,9.7,754,0,0.0,0,0,0.0,0
MORNINGLOOM,saaa,102,3,3.0,710.0,6,6.5,829.0,8+,8.8,940,9+,9.8,1035,0,0.0,0
Lethal Voltage,siqlo,190,4,4.5,724.0,7+,7.8,922.0,10,10.4,1497,0,0.0,0,0,0.0,0
MIRINAE,TAK × Zekk,180,4,4.5,646.0,8,8.3,881.0,10,10.4,1277,0,0.0,0,0,0.0,0
ultradiaxon-N3,nitro (lowiro),150,4.0,4.5,605.0,8.0,8.5,896.0,10.0,10.3,1228,0,0.0,0,0,0.0,0
Leave All Behind,rider,150,2.0,2.0,380.0,5.0,5.5,488.0,9.0,9.2,828,0,0.0,0,0,0.0,0
Distorted Fate,Sakuzyo,150,4.0,4.5,756.0,7+,7.8,890.0,9.0,9.6,1172,10+,10.8,1402,0,0.0,0
Floating World,baker feat. botan,174,3.0,3.0,753.0,7.0,7.0,793.0,9.0,9.3,1047,0,0.0,0,0,0.0,0
Chromafill,ていぬ,179,4.0,4.0,757.0,7.0,7.0,890.0,10.0,10.0,1130,0,0.0,0,0,0.0,0
Désive,MisomyL,180-230,5.0,5.0,1007.0,8.0,8.0,1051.0,9+,9.9,1273,10+,10.8,1340,0,0.0,0
Hidden Rainbows of Epicurus,SYNC․ART'S feat.Misato,155,2.0,2.5,595.0,5.0,5.5,694.0,7.0,7.5,783,8+,8.8,884,0,0.0,0
Twilight Concerto,Scarlette,194,4.0,4.5,584.0,7+,7.8,634.0,9.0,9.5,803,10,10.4,962,0,0.0,0
Old School Salvage,DJ SHARPNEL,205,4.0,4.0,705.0,7+,7.8,950.0,9+,9.8,1316,0,0.0,0,0,0.0,0
Beautiful Dreamer,M-Project,188,4.0,4.0,611.0,7+,7.8,773.0,9+,9.9,1139,0,0.0,0,0,0.0,0
Back to Basics,m1dy,420,5.0,5.0,717.0,8+,8.7,1115.0,10.0,10.6,1544,0,0.0,0,0,0.0,0
STARGATE EXTREME,KARUT,150,4.0,4.0,337.0,6.0,6.0,430.0,9.0,9.3,724,9+,9.9,915,0,0.0,0
"Sign of ""10.5km""",渡部恭久,160,3.0,3.0,490.0,6.0,6.5,564.0,9.0,9.2,735,0,0.0,0,0,0.0,0
10pt8ion,Lite Show Magic,128-185,4.0,4.0,475.0,7+,7.8,704.0,9+,9.7,906,10,10.5,1087,0,0.0,0
Black MInD,COSIO,192,5.0,5.0,601.0,8.0,8.0,754.0,10+,10.8,1274,0,0.0,0,0,0.0,0
HYPER VISION,VOLTA,155,4.0,4.5,939.0,7.0,7.5,839.0,9+,9.8,1040,0,0.0,0,0,0.0,0
Distortion Human,DJ Myosuke & KAJI,200,3.0,3.0,544.0,6.0,6.5,841.0,9+,9.9,1317,0,0.0,0,0,0.0,0
shrink,Shohei Tsuchiya(ZUNTATA),180,3.0,3.5,451.0,7.0,7.0,660.0,9+,9.8,929,0,0.0,0,0,0.0,0
In Vain,ryhki,165,3.0,3.5,562.0,6.0,6.5,677.0,9.0,9.5,1111,0,0.0,0,0,0.0,0
Hypnotize,rejection,160,3.0,3.5,518.0,6.0,7.0,761.0,8+,8.9,993,9+,9.9,1164,0,0.0,0
Ashen 6oundary,YUKIYANAGI,172,4.0,4.5,702.0,7+,7.8,813.0,9+,9.9,1183,0,0.0,0,0,0.0,0
Judgement,Tatsunoshin,200,5.0,5.5,844.0,8.0,8.6,1055.0,10.0,10.5,1432,0,0.0,0,0,0.0,0
ALTER EGO,Yuta Imai vs Qlarabelle,195,6.0,6.5,865.0,9.0,9.2,1213.0,10.0,10.5,1466,11,11.3,1644,0,0.0,0
epitaxy,Camellia,183,3.0,3.0,826.0,6.0,6.0,939.0,8.0,8.6,1177,9,9.6,1410,0,0.0,0
Waltz for Lorelei,Sobrem & 庭師 ,220,2.0,2.5,664.0,5.0,5.5,814.0,8+,8.8,916,9+,9.8,999,0,0.0,0
Dual Doom Deathmatch,Kobaryo vs HyuN,222,3.0,3.5,838.0,6.0,6.5,830.0,8+,8.9,1094,10,10.3,1292,0,0.0,0
Inverted World,ARForest,180,3.0,3.0,525.0,7.0,7.0,646.0,9.0,9.5,940,10+,10.7,1065,0,0.0,0
MVURBD,ETIA.,175,4.0,4.5,999.0,7+,7.8,1031.0,10.0,10.6,1497,0,0.0,0,0,0.0,0
Vulcanus,Team Grimoire vs Aoi,212,5.0,5.5,968.0,8.0,8.4,1234.0,10+,10.9,1542,0,0.0,0,0,0.0,0
Rain of Conflict in a Radiant Abyss,ak+q,195,5.0,5.0,831.0,7+,7.8,934.0,9.0,9.5,1174,10,10.5,1247,0,0.0,0
Saint or Sinner,crayvxn,164,3.0,3.0,447.0,6.0,6.0,563.0,8+,8.8,906,0,0.0,0,0,0.0,0
Hailstone,Kazki Misora,180,3.0,3.5,534.0,7.0,7.0,651.0,9+,9.7,1002,0,0.0,0,0,0.0,0
FURETE-MITAI,みきとP,155,2.0,2.5,447.0,6.0,6.0,523.0,8.0,8.4,763,9,9.4,841,0,0.0,0
Gensou no Satellite,豚乙女,230,2.0,2.5,721.0,6.0,6.5,783.0,8+,8.7,992,10,10.1,1139,0,0.0,0
Prayer,qfeileadh&レゾナンスもえこ,132,2.0,2.5,419.0,5.0,5.5,479.0,8.0,8.2,591,9,9.1,714,0,0.0,0
Crimson Quartz,DiGiTAL WiNG with 空音,145,3.0,3.0,569.0,6.0,6.0,615.0,8+,8.8,861,9+,9.8,1200,0,0.0,0
Third Sun,Ash Astral,75-225,3.0,3.5,532.0,7.0,7.0,702.0,9.0,9.4,811,10,10.0,1043,0,0.0,0
Spirit of the Dauntless,KO3 & Relect,180,4.0,4.5,693.0,7+,7.8,957.0,10.0,10.5,1207,0,0.0,0,0,0.0,0
Dies irae,お月さま交響曲,172,4.0,4.5,632.0,7.0,7.5,803.0,9.0,9.5,1052,10,10.6,1263,0,0.0,0
astral.exe,Synzak & Laxeno57,174,3.0,3.0,654.0,6.0,6.0,734.0,9.0,9.5,1059,0,0.0,0,0,0.0,0
LiftOff,MAYA AKAI,137,3.0,3.0,459.0,6.0,6.0,550.0,8.0,8.2,660,9+,9.8,988,0,0.0,0
SUPER AMBULANCE,AJURIKA,200,4.0,4.5,740.0,7.0,7.5,971.0,10.0,10.3,1371,0,0.0,0,0,0.0,0
Don't Fight The Music,黒魔,190-200,4.0,4.5,757.0,7+,7.8,962.0,9.0,9.3,1043,10+,10.7,1385,0,0.0,0
And Revive The Melody,黒魔,210-220,5.0,5.5,962.0,8.0,8.5,1269.0,10+,10.9,1710,0,0.0,0,0,0.0,0
Swan Song,void (Mournfinale),148,3.0,3.0,563.0,7.0,7.5,719.0,9+,9.9,1225,0,0.0,0,0,0.0,0
Renegade,sky_delta,186,4.0,4.5,655.0,7+,7.8,751.0,9.0,9.6,994,0,0.0,0,10,10.1,1165
Rays of Remnant,May × Felystrator,201,4.0,4.5,710.0,7.0,7.5,766.0,9+,9.7,982,0,0.0,0,10,10.4,1118
Breach of Faith,Supire feat.eili,172,5.0,5.5,986.0,8.0,8.4,1171.0,10.0,10.3,1373,0,0.0,0,10+,10.9,1448
Lament Rain,Ashrount vs. 打打だいず,200,6.0,6.5,1025.0,8+,8.8,1186.0,10.0,10.6,1380,0,0.0,0,11,11.4,1637
Designant.,Designant,200,7.0,7.5,1055.0,9.0,9.6,1426.0,10+,10.9,1768,0,0.0,0,11+,11.9,2184
Astral Quantization,Dj Grimoire,185,5.0,5.0,782.0,8.0,8.1,943.0,10.0,10.6,1388,0,0.0,0,0,0.0,0
Ignition,パソコン音楽クラブ,160,3.0,3.5,578.0,6.0,6.0,621.0,9+,9.8,994,0,0.0,0,0,0.0,0
BlazinG AIR,kanone,150,3.0,3.5,433.0,6.0,6.5,571.0,8+,8.9,757,10,10.1,1129,0,0.0,0
8-EM,Sampling Masters AYA,168,4.0,4.5,557.0,7+,7.8,847.0,9.0,9.5,1081,10,10.3,1201,0,0.0,0
DA'AT -The First Seeker of Souls-,水野健治 VS 大国奏音,222,5.0,5.5,921.0,8.0,8.4,1091.0,10+,10.9,1500,0,0.0,0,0,0.0,0
BREaK! BREaK! BREaK! ,HiTECH NINJA vs Cranky,165,3.0,3.5,472.0,6.0,6.5,614.0,8+,8.8,894,10,10.3,1251,0,0.0,0
Straight into the lights,Cosmograph,90,4.0,4.0,583.0,7.0,7.0,714.0,9.0,9.5,1226,10,10.5,1280,0,0.0,0
ViRTUS,Hiro,225,5.0,5.5,877.0,8.0,8.6,1000.0,9+,9.9,1222,10+,10.9,1341,0,0.0,0
yomibito_shirazu,Limonène (サノカモメ+月島春果),188,4.0,4.5,641.0,8.0,8.0,764.0,9+,9.8,1075,0,0.0,0,0,0.0,0
Aether Crest: Astral,void (Mournfinale) × 水野健治,180,6.0,6.0,921.0,8+,8.9,1147.0,10.0,10.6,1508,11,11.5,1941,0,0.0,0
Heartache,Toby Fox,239,1.0,1.5,425.0,4.0,4.5,687.0,7.0,7.5,803,8+,8.7,851,0,0.0,0
Death by Glamour,Toby Fox,148,2.0,2.5,460.0,5.0,5.0,470.0,7+,7.8,610,9,9.4,902,0,0.0,0
Your Best Nightmare,Toby Fox,190,3.0,3.5,760.0,6.0,6.5,925.0,8+,8.9,1086,0,0.0,0,10,10.2,1451
Last Goodbye,Toby Fox,180,2.0,2.5,497.0,6.0,6.5,605.0,8.0,8.2,727,9+,9.7,911,0,0.0,0
MEGALOVANIA,Toby Fox,240,4.0,4.5,906.0,7.0,7.5,969.0,9.0,9.5,1064,10,10.5,1202,0,0.0,0
MEGALOVANIA (Camellia Remix),Camellia,242,5.0,5.5,946.0,8.0,8.4,1161.0,9+,9.8,1345,10+,10.9,1468,0,0.0,0
Placebo♥Battler,OSTER Project,270,5.0,5.5,597.0,8.0,8.3,827.0,10.0,10.4,1194,0,0.0,0,0,0.0,0
Black Mirror on the Wall,暁Records,130,3.0,3.5,471.0,6.0,6.5,613.0,8.0,8.6,735,9+,9.7,894,0,0.0,0
Shinchoku Doudesuka?,sumijun feat. ななひら,199,3.0,3.5,595.0,7.0,7.5,743.0,8+,8.8,957,9+,9.9,1162,0,0.0,0
TRPNO,Nauts,150,4.0,4.5,451.0,7+,7.8,562.0,10.0,10.0,897,0,0.0,0,0,0.0,0
t (tau),Wooden,155,4.0,4.5,553.0,7+,7.8,798.0,9+,9.7,1057,0,0.0,0,0,0.0,0
Dull Blade,stuv,128-160,4.0,4.5,579.0,8.0,8.0,780.0,10.0,10.5,1199,0,0.0,0,0,0.0,0
Won't Back Down,Pure 100% / KASA,165,3.0,3.5,437.0,6.0,6.5,551.0,9+,9.8,1015,0,0.0,0,0,0.0,0
Don't Die,Paul Bazooka,175,3.0,3.5,460.0,7.0,7.0,565.0,9.0,9.4,793,10,10.1,1004,0,0.0,0
Ladymade Star,ESTi,136,2.0,2.5,394.0,6.0,6.5,491.0,8.0,8.4,636,9,9.2,753,0,0.0,0
End of the Moonlight,Forte Escape,155,3.0,3.0,340.0,5.0,5.5,434.0,9.0,9.5,738,0,0.0,0,0,0.0,0
U.A.D,HAYAKO,129,3.0,3.5,366.0,6.0,6.5,526.0,8+,8.7,643,9+,9.8,826,0,0.0,0
OBLIVION,ESTi,141,4.0,4.0,469.0,7.0,7.0,527.0,9.0,9.5,759,10,10.1,871,0,0.0,0
Nightmare,M2U,190,4.0,4.5,680.0,7.0,7.8,757.0,9+,9.8,901,10+,10.8,1116,0,0.0,0
Tic! Tac! Toe!,TAK x Corbin,126,3.0,3.5,353.0,7.0,7.5,505.0,8+,8.8,760,9+,9.9,907,0,0.0,0
SATISFACTION,P*Light & DJ Noriken feat. KMNZ,180,3.0,3.5,580.0,6.0,6.5,738.0,8.0,8.5,890,9,9.5,1047,0,0.0,0
Someday,NieN,136,3.0,3.0,367.0,6.0,6.0,477.0,9.0,9.5,673,0,0.0,0,0,0.0,0
Miles,Electronic Boutique,130,3.0,3.5,385.0,6.0,6.5,548.0,8.0,8.2,687,9+,9.8,829,0,0.0,0
I want You,Lin-G,140,3.0,3.0,326.0,5.0,5.5,395.0,8.0,8.3,528,9,9.4,660,0,0.0,0
Syriana,BEXTER,135,4.0,4.5,490.0,7.0,7.5,516.0,9+,9.9,886,0,0.0,0,0,0.0,0
Liar,zts,140,4.0,4.5,461.0,7+,7.8,614.0,10.0,10.0,919,0,0.0,0,0,0.0,0
BlythE,M2U,180,3.0,3.5,610.0,7.0,7.5,729.0,9.0,9.4,1000,10,10.5,1207,0,0.0,0
We're All Gonna Die,Paul Bazooka,180,5.0,5.5,733.0,8.0,8.0,864.0,10.0,10.1,1147,10+,10.9,1335,0,0.0,0
Dematerialized,In Love With A Ghost,86,1.0,1.5,469.0,4.0,4.5,659.0,7.0,7.5,722,8,8.3,790,0,0,0
See the Lights!,polysha feat. しろさきあや,136,3.0,3.5,445.0,6.0,6.5,582.0,8.0,8.6,692,9,9.6,844,0,0,0
Scarlet Lunar Empress,technoplanet feat. 夕月ティア,108-184,3.0,3.5,609.0,7.0,7.0,698.0,9+,9.8,1037,0,0.0,0,0,0,0
Dual Dependency,seatrus,155,4.0,4.5,607.0,7+,7.8,784.0,9.0,9.5,987,10,10.4,1162,0,0,0
Lilly,Juggernaut.,235,5.0,5.0,865.0,8.0,8.4,1052.0,9+,9.9,1312,10+,10.8,1353,0,0,0
Extradimensional Cosmic Phenomenon,TAKIO feat. つぐ,180-300,6.0,6.5,1011.0,8+,8.8,1193.0,10.0,10.6,1422,11,11.3,1726,0,0,0
disintegration,ひゅ〜ぶ,135,4.0,4.0,387.0,6.0,6.5,466.0,8.0,8.3,605,9+,9.8,821,0,0,0
Factorder,瀬名 feat. 梨雛,168,2.0,2.5,510.0,6.0,6.5,663.0,8.0,8.6,849,9,9.6,1015,0,0,0
incomplete the one,Halv feat.Kuroa*,208,3.0,3.5,691.0,7.0,7.5,848.0,8+,8.8,912,9+,9.9,1008,0,0,0
CHAOSBLAST,QURELESS + 柚子花,480,4.0,4.5,786.0,7+,7.8,1000.0,9.0,9.6,1290,10,10.5,1539,0,0,0
"Welcome, Queen of Fiction.",打打だいず,110-305,5.0,5.0,610.0,8.0,8.5,832.0,10.0,10.1,1172,10+,10.9,1442,0,0,0
AlterGate,MisoilePunch♪ ~タケノコ添え~,199,5.0,5.5,774.0,8+,8.7,993.0,10+,10.7,1324,0,0.0,0,0,0,0
Acheron,KARUT,175-145,3.0,3.5,538.0,7.0,7.5,688.0,9+,9.7,1024,0,0.0,0,0,0.0,0
Eternity Break,Puru,170,3.0,3.5,634.0,7.0,7.5,882.0,9.0,9.6,1051,10,10.4,1155,0,0.0,0
ROST PAGE GENE,MYUKKE.,135,5.0,5.0,475.0,8.0,8.2,697.0,10.0,10.3,1028,0,0.0,0,0,0.0,0
Viola Illyria,Kolaa,162,2.0,2.5,539.0,6.0,6.5,683.0,9.0,9.5,927,0,0.0,0,0,0,0.0
Vainspire,satella,180,3.0,3.5,771.0,7.0,7.0,787.0,8.0,8.4,947,9+,9.9,1133,0,0,0.0
No Way Back,Nhato,153,4.0,4.5,564.0,7.0,7.5,639.0,8+,8.9,837,10,10.4,1008,0,0,0.0
ANDORXOR,Sobrem,148,4.0,4.5,559.0,7+,7.8,758.0,9+,9.9,1055,10+,10.8,1404,0,0,0.0
Undying Macula,Ashrount,63,5.0,5.5,883.0,8+,8.7,904.0,10.0,10.1,1250,11,11.0,1461,0,0,0.0
Wake in Hour,有村京悟 feat. July,128,2.0,2.5,394.0,5.0,5.5,492.0,7.0,7.5,608,8+,8.7,726,0,0,0
mod,kalsoer,158,3.0,3.5,572.0,6.0,6.5,676.0,9.0,9.4,853,0,0.0,0,0,0,0
Particle,Lime / Kankitsu,142,3.0,3.5,519.0,6.0,6.0,613.0,9.0,9.5,890,9+,9.7,881,0,0,0
Paradox Palette,Aethoro,152,4.0,4.0,476.0,7.0,7.5,653.0,8+,8.8,814,9+,9.9,1043,0,0,0
Xxium and Purple haze,D.watt,165,2.0,2.5,768.0,7+,7.8,806.0,9+,9.9,1182,10,10.5,1096,0,0,0
Angel's Boundary,MEMODEMO,196,5.0,5.0,841.0,8.0,8.5,1013.0,10.0,10.2,1246,0,0.0,0,0,0,0
Xterfusion,REDALiCE × t+pazolite,128-256,4.0,4.5,640.0,8.0,8.3,919.0,9+,9.8,1138,10+,10.7,1441,0,0,0
INFINITE DIMENSION,DJ Noriken × P*Light,200,2.0,2.5,556.0,6.0,6.0,708.0,8.0,8.6,947,10,10.1,1111,0,0,0
INCARNATOR₀₀,Silentroom × N²,234,3.0,3.5,1178.0,6.0,6.5,1276.0,8+,8.9,1565,10,10.4,1355,0,0,0
zephyrlasting,s-don × nitro (lowiro),155,3.0,3.5,563.0,7.0,7.5,832.0,9.0,9.5,1027,10,10.3,1166,0,0,0
MARENYX,BlackY × Aoi,195,4.0,4.5,886.0,7+,7.8,1143.0,9.0,9.5,1307,10+,10.8,1500,0,0,0
Code: Oblivion,Kobaryo × Gram,200,5.0,5.5,773.0,8.0,8.3,1015.0,9+,9.9,1281,10+,10.9,1503,0,0,0
AZALEA,ak+q × onoken,180,4.0,4.0,847.0,7.0,7.0,973.0,9.0,9.4,1144,10,10.0,1075,0,0,0